"år";"månad";"Primärnäringar";"Livsmedelsindustri";"Övrig industri";"Vatten, gas, el, värme och avloppshantering";"Byggverksamhet";"Handel";"Transport";"Hotell och restaurang";"Finans och försäkring";"Företagstjänster";"Personliga tjänster";"Totalsumma"
"2001";"januari";2.3;4.1;7.6;2.8;5.8;27.6;47.0;1.7;0.7;5.2;0.5;105.4
"2001";"februari";1.9;4.3;7.2;2.7;5.6;23.6;49.2;1.4;0.8;6.1;0.6;103.4
"2001";"mars";0.7;4.5;8.3;3.5;6.3;28.4;54.4;1.8;0.9;6.3;0.8;115.9
"2001";"april";1.3;6.2;7.7;2.9;5.6;29.3;54.0;1.9;0.9;7.7;0.8;118.2
"2001";"maj";2.0;4.4;8.2;2.3;7.7;33.9;60.1;3.5;1.4;6.6;1.1;131.3
"2001";"juni";1.8;5.8;8.7;3.0;8.9;33.1;59.3;4.5;1.6;8.2;1.3;136.1
"2001";"juli";1.3;4.7;6.1;2.2;5.5;32.7;72.0;6.8;0.9;6.8;1.7;140.7
"2001";"augusti";1.6;5.4;7.4;2.5;5.9;33.3;60.4;5.2;0.8;8.1;1.2;131.6
"2001";"september";1.6;4.5;8.4;2.9;6.7;29.3;53.0;3.1;0.9;6.6;0.8;117.8
"2001";"oktober";2.3;5.2;9.2;2.8;8.0;33.5;55.7;2.2;1.0;11.0;0.8;131.8
"2001";"november";3.0;5.1;8.8;3.0;7.7;31.1;55.8;2.0;1.2;8.3;0.8;126.8
"2001";"december";3.6;5.5;7.2;4.2;8.0;35.2;50.8;2.1;0.9;11.0;0.9;129.5
"2002";"januari";1.7;4.2;7.5;3.1;6.1;26.9;41.7;1.5;0.8;6.4;0.7;100.7
"2002";"februari";1.1;4.6;7.1;1.5;5.5;24.2;45.2;1.3;0.6;7.7;0.7;99.5
"2002";"mars";1.2;4.9;7.7;3.2;6.4;28.8;53.1;1.7;0.7;7.5;0.8;116.1
"2002";"april";1.6;6.1;8.0;2.5;6.4;31.8;52.7;2.1;0.9;9.0;0.9;122.1
"2002";"maj";1.1;3.8;8.8;1.8;8.2;35.2;59.9;3.9;0.7;8.5;1.2;133.2
"2002";"juni";1.5;5.8;7.6;2.7;6.7;31.6;57.1;4.5;1.3;9.0;1.1;128.8
"2002";"juli";1.2;5.3;7.4;2.1;5.2;33.9;70.3;6.9;0.6;8.0;1.8;142.8
"2002";"augusti";0.8;4.9;7.3;2.0;6.6;32.5;59.2;5.1;0.6;8.7;1.2;128.9
"2002";"september";1.4;5.2;8.7;2.8;7.1;30.9;51.1;3.1;1.9;7.9;1.0;121.1
"2002";"oktober";1.9;5.0;9.5;2.9;10.0;33.1;57.5;2.2;0.9;9.5;0.9;133.5
"2002";"november";2.3;5.1;8.0;2.9;7.9;31.3;61.2;1.9;3.2;8.5;0.8;133.0
"2002";"december";3.1;5.9;8.1;4.8;9.7;37.7;56.3;2.0;1.3;11.1;0.9;140.9
"2003";"januari";1.2;4.1;7.8;4.3;7.5;27.9;49.8;1.5;1.1;8.4;0.7;114.2
"2003";"februari";0.8;4.1;8.1;3.5;7.5;28.6;52.2;1.4;1.0;8.3;0.8;116.4
"2003";"mars";0.6;4.9;8.0;3.6;7.9;32.2;65.1;1.7;0.8;9.1;0.9;134.7
"2003";"april";1.0;5.9;8.2;3.1;8.1;32.7;58.8;2.0;1.2;9.5;0.9;131.6
"2003";"maj";1.1;4.2;7.1;2.2;8.5;34.7;64.2;3.7;2.3;8.1;1.2;137.1
"2003";"juni";1.4;6.1;10.6;3.3;10.1;37.3;59.7;4.7;2.2;11.3;1.2;147.9
"2003";"juli";1.2;5.0;7.1;2.3;5.8;35.4;74.2;7.3;1.0;8.1;1.6;149.1
"2003";"augusti";1.0;4.6;8.0;2.4;7.7;32.0;57.0;5.4;1.2;10.7;1.3;131.2
"2003";"september";1.2;4.9;8.8;3.1;10.1;34.5;53.7;3.2;0.9;9.4;1.2;131.0
"2003";"oktober";1.9;5.2;9.6;3.2;10.5;35.2;61.2;2.3;1.1;10.9;0.9;142.0
"2003";"november";2.3;4.6;8.8;2.9;9.1;33.8;60.8;1.7;1.2;8.6;0.9;134.7
"2003";"december";2.9;6.3;11.1;3.8;10.9;40.1;52.9;2.3;2.3;11.9;1.1;145.6
"2004";"januari";1.7;3.8;6.3;3.5;7.4;27.3;49.3;1.7;2.2;7.0;0.7;110.9
"2004";"februari";0.8;4.4;7.1;3.1;8.1;29.2;54.7;1.7;0.9;8.3;0.7;118.9
"2004";"mars";1.1;5.2;9.1;3.8;9.2;35.3;57.8;1.9;1.1;7.8;1.1;133.4
"2004";"april";0.9;5.8;8.8;3.2;8.9;34.7;53.0;2.0;1.0;8.2;1.0;127.4
"2004";"maj";1.2;3.9;8.4;2.4;8.3;36.0;63.1;3.4;1.5;7.8;1.3;137.2
"2004";"juni";1.3;6.1;9.3;3.3;10.7;37.6;60.1;4.3;1.2;9.5;1.6;145.0
"2004";"juli";1.1;5.0;7.3;2.4;6.8;36.1;79.1;6.6;1.1;7.1;2.1;154.8
"2004";"augusti";1.2;5.0;8.4;2.4;8.0;34.1;61.9;4.9;0.8;8.0;1.5;136.4
"2004";"september";1.3;5.4;9.2;3.2;8.7;35.0;59.0;3.3;1.1;8.4;1.2;135.9
"2004";"oktober";1.6;4.8;8.7;2.7;8.8;35.8;61.8;2.3;1.2;7.3;1.1;136.0
"2004";"november";2.3;5.3;9.5;3.0;9.8;36.7;68.6;2.0;1.2;7.9;1.0;147.4
"2004";"december";3.1;6.3;8.3;4.7;10.6;40.8;62.0;2.2;1.4;12.3;1.2;152.8
"2005";"januari";1.6;3.6;6.6;3.5;7.0;29.4;47.4;1.8;0.8;6.4;1.1;109.1
"2005";"februari";1.2;3.4;6.7;3.7;6.3;29.5;52.7;1.4;2.7;6.6;0.8;115.2
"2005";"mars";1.1;5.3;8.8;4.9;7.1;35.5;65.4;1.8;1.0;7.7;1.0;139.6
"2005";"april";0.9;5.7;9.3;3.6;8.4;36.1;55.2;2.3;1.5;8.0;1.2;132.2
"2005";"maj";1.0;4.6;10.4;2.9;9.0;40.7;67.1;3.6;1.8;7.9;1.6;150.5
"2005";"juni";1.1;6.6;10.2;4.1;10.8;39.2;65.7;4.3;1.3;9.3;1.4;154.2
"2005";"juli";1.2;5.4;6.9;2.7;5.4;39.2;79.7;7.4;1.3;7.2;1.8;158.2
"2005";"augusti";1.4;5.3;9.5;2.8;7.7;40.9;67.3;5.2;1.1;8.1;1.5;150.9
"2005";"september";1.4;5.1;9.9;3.5;8.1;38.2;62.0;3.2;1.2;7.8;1.4;141.8
"2005";"oktober";2.6;5.3;9.9;3.6;8.8;38.4;103.3;2.4;0.8;9.0;1.2;185.3
"2005";"november";2.7;5.8;9.4;4.1;10.6;40.7;57.5;2.0;1.5;8.2;1.1;143.7
"2005";"december";3.6;6.4;9.1;5.6;10.8;46.7;30.0;2.3;1.1;10.7;1.3;127.6
"2006";"januari";1.3;4.5;8.2;5.2;5.5;31.2;50.4;1.7;3.3;6.9;0.9;119.0
"2006";"februari";0.8;4.9;6.9;5.1;6.2;30.6;46.6;1.4;1.1;7.6;1.0;112.3
"2006";"mars";0.7;5.8;9.7;6.3;8.5;37.1;56.7;1.9;1.1;8.2;1.2;137.2
"2006";"april";1.0;6.4;10.0;4.4;6.5;37.6;52.2;2.3;1.1;8.8;1.1;131.6
"2006";"maj";1.3;5.4;10.7;3.7;8.9;41.6;54.2;3.6;1.5;8.8;1.6;141.4
"2006";"juni";1.5;7.0;10.7;4.3;10.1;45.0;55.0;4.7;1.2;10.1;1.5;151.1
"2006";"juli";1.1;5.7;7.4;3.2;5.8;40.4;65.7;8.1;1.3;8.5;2.0;149.2
"2006";"augusti";1.6;6.3;9.9;3.5;8.3;43.1;54.6;5.4;1.2;9.4;1.6;144.8
"2006";"september";2.2;5.8;9.1;4.5;8.7;37.1;53.1;3.4;1.5;8.4;1.5;135.4
"2006";"oktober";2.7;5.8;10.5;4.5;9.6;40.9;55.5;2.4;1.2;9.9;1.5;144.5
"2006";"november";3.8;6.2;10.6;5.1;9.3;40.9;54.9;2.0;1.5;9.2;1.3;145.0
"2006";"december";4.0;6.7;10.8;7.2;12.5;47.9;48.7;2.3;2.2;12.1;1.7;156.1
"2007";"januari";2.3;5.4;9.2;4.8;9.8;33.5;48.3;1.5;4.0;8.3;1.1;128.3
"2007";"februari";0.5;5.6;9.2;5.6;6.3;32.5;49.6;1.5;1.4;9.3;1.2;122.8
"2007";"mars";0.7;6.6;10.5;5.1;8.9;37.2;54.3;2.0;1.6;9.6;1.3;137.7
"2007";"april";1.1;8.5;9.5;4.2;8.6;38.3;52.6;2.4;1.7;10.2;1.6;138.8
"2007";"maj";1.6;7.1;10.9;5.0;10.6;40.9;58.7;3.8;1.6;9.2;1.9;151.2
"2007";"juni";1.2;7.1;10.4;6.0;10.4;42.5;55.1;4.8;1.8;10.9;2.0;152.1
"2007";"juli";1.3;6.5;8.2;2.9;8.0;40.8;67.0;8.2;1.6;9.2;2.3;155.9
"2007";"augusti";1.4;7.2;10.2;3.3;9.8;41.5;55.1;6.0;1.4;11.3;2.1;149.2
"2007";"september";1.9;6.6;9.8;4.6;12.7;37.7;58.4;3.4;1.1;8.6;1.8;146.6
"2007";"oktober";3.4;7.9;11.8;5.6;12.3;42.9;58.3;2.5;1.6;10.9;2.0;159.4
"2007";"november";3.3;7.2;6.9;5.6;11.6;41.6;60.7;2.1;1.6;10.2;2.0;152.8
"2007";"december";4.8;7.2;7.1;10.4;13.0;48.8;51.8;2.8;5.1;13.3;2.1;166.4
"2008";"januari";2.2;6.3;10.1;6.8;7.9;35.3;50.3;1.6;1.3;9.1;1.6;132.5
"2008";"februari";2.7;6.1;8.5;6.4;8.0;34.3;54.4;1.6;1.6;9.9;1.6;135.1
"2008";"mars";1.1;7.6;10.5;6.3;9.0;37.3;54.6;1.8;1.4;9.3;1.7;140.5
"2008";"april";1.1;8.8;12.0;6.1;9.5;44.5;58.4;2.3;1.8;11.1;2.0;157.7
"2008";"maj";1.2;7.0;10.4;3.8;10.4;45.9;62.4;4.1;1.8;9.5;3.0;159.5
"2008";"juni";1.6;7.8;12.0;7.0;11.3;43.2;88.9;4.9;2.0;9.8;2.8;191.3
"2008";"juli";1.5;7.5;8.1;4.0;7.8;45.3;81.7;8.3;1.8;8.2;2.6;176.7
"2008";"augusti";1.0;7.0;9.0;4.7;9.4;42.8;65.9;5.4;1.5;9.7;2.8;159.4
"2008";"september";3.0;7.6;12.0;5.4;11.3;43.1;56.8;3.5;1.7;9.2;2.3;156.0
"2008";"oktober";2.8;7.6;11.8;5.7;13.6;44.2;66.5;2.6;1.9;9.9;2.5;169.1
"2008";"november";2.9;7.0;10.7;5.7;11.0;42.2;83.1;3.1;1.6;13.6;2.2;182.9
"2008";"december";4.1;9.0;10.9;8.5;17.0;49.5;52.7;2.8;2.8;13.9;2.9;174.1
"2009";"januari";2.7;5.7;8.7;5.8;6.3;31.0;49.7;1.6;5.2;8.0;1.5;126.2
"2009";"februari";2.2;6.6;8.7;7.3;9.8;30.3;49.5;1.8;2.3;7.2;2.1;127.9
"2009";"mars";1.4;7.4;9.5;6.5;10.1;35.3;56.0;2.1;1.9;8.3;3.4;141.9
"2009";"april";1.0;8.9;10.4;5.2;10.2;39.0;56.2;2.6;2.9;9.0;2.6;147.8
"2009";"maj";1.4;6.3;9.9;3.6;9.8;38.4;64.1;3.7;2.4;8.2;2.7;150.5
"2009";"juni";1.2;7.8;10.8;5.3;13.3;39.3;51.7;5.5;2.9;11.2;2.6;151.7
"2009";"juli";1.1;7.4;8.5;3.3;8.2;42.2;67.2;9.3;1.8;7.9;3.6;160.6
"2009";"augusti";1.0;6.8;8.9;3.7;9.5;39.4;57.0;6.0;1.8;8.2;2.5;144.8
"2009";"september";1.7;6.8;11.1;4.6;11.3;39.7;48.4;3.5;2.1;8.6;2.6;140.2
"2009";"oktober";3.5;8.3;11.9;5.0;11.4;41.5;55.2;2.6;2.3;9.6;3.5;154.7
"2009";"november";3.2;7.1;9.7;5.3;11.5;41.1;51.7;2.0;2.1;8.9;2.8;145.5
"2009";"december";4.4;9.0;10.0;9.0;14.0;52.1;49.1;2.7;2.7;12.2;3.2;168.4
"2010";"januari";2.1;5.4;7.0;7.9;7.4;32.1;46.0;1.4;5.8;7.1;2.4;124.5
"2010";"februari";1.9;6.5;8.4;8.9;8.5;34.7;47.7;1.7;1.7;8.7;2.9;131.4
"2010";"mars";1.1;8.2;9.4;7.6;9.2;43.1;56.0;2.1;2.0;11.3;2.8;152.8
"2010";"april";1.3;9.1;8.9;5.2;10.0;40.2;59.9;2.5;1.9;8.7;3.2;150.9
"2010";"maj";1.3;6.7;10.6;3.7;10.6;44.8;72.8;3.8;2.5;9.8;4.1;170.8
"2010";"juni";1.7;9.2;12.3;5.0;15.1;49.0;72.5;5.1;2.3;11.6;3.5;187.3
"2010";"juli";1.2;7.4;7.8;3.4;5.5;43.6;85.6;9.4;1.7;7.6;3.2;176.4
"2010";"augusti";0.9;7.1;9.1;3.9;8.7;47.2;66.5;6.8;2.0;8.4;2.4;163.1
"2010";"september";1.8;8.7;13.5;4.8;11.4;46.3;61.8;3.6;2.3;8.3;2.6;165.1
"2010";"oktober";2.8;7.8;10.3;5.4;11.5;44.9;63.2;2.8;2.1;9.3;2.4;162.5
"2010";"november";5.0;8.5;11.3;5.9;13.1;47.0;66.0;2.3;2.6;9.0;2.1;172.7
"2010";"december";5.4;9.4;9.7;11.8;14.7;61.2;58.1;2.4;3.0;12.5;2.6;190.7
"2011";"januari";1.8;5.8;7.7;8.2;6.4;38.2;52.8;1.8;7.2;7.9;2.0;139.8
"2011";"februari";1.9;7.3;9.2;8.8;8.6;36.7;52.3;1.7;1.7;9.0;2.0;139.3
"2011";"mars";1.4;8.5;13.2;8.0;11.1;45.6;58.7;2.2;2.1;9.0;2.5;162.5
"2011";"april";1.4;9.9;9.6;5.7;10.9;45.2;63.5;2.7;2.2;10.0;2.4;163.4
"2011";"maj";1.4;7.8;12.3;4.6;12.5;50.4;74.3;4.3;1.9;9.8;2.9;182.1
"2011";"juni";1.8;9.4;14.0;5.4;13.4;51.7;76.5;5.7;2.4;11.2;3.1;194.6
"2011";"juli";1.3;7.9;8.1;3.4;9.4;49.2;87.8;10.1;2.0;7.6;3.0;189.9
"2011";"augusti";1.1;8.5;8.6;4.4;12.0;50.0;70.2;7.1;1.9;9.6;2.6;175.9
"2011";"september";1.4;9.0;10.9;4.6;14.3;47.4;59.7;4.2;2.3;8.5;2.7;165.1
"2011";"oktober";1.8;8.7;9.8;5.0;14.9;50.2;65.2;3.1;2.3;9.9;2.6;173.5
"2011";"november";4.3;8.4;10.6;5.2;16.8;53.3;64.7;2.7;0.9;8.0;2.2;177.0
"2011";"december";5.8;10.3;10.4;8.6;18.2;62.7;57.4;2.9;3.3;13.5;3.2;196.2
"2012";"januari";2.4;6.9;9.8;6.6;11.5;41.5;50.9;1.9;6.0;7.0;1.9;146.2
"2012";"februari";1.3;8.0;9.7;7.9;12.8;44.5;55.3;1.8;1.9;8.5;2.1;153.8
"2012";"mars";1.3;8.7;10.0;7.2;15.1;49.5;61.4;2.3;2.5;7.9;2.5;168.3
"2012";"april";1.3;10.3;10.9;5.5;14.3;46.0;59.9;2.8;2.4;8.8;2.3;164.5
"2012";"maj";1.5;8.7;13.4;4.2;16.8;55.2;72.7;4.4;2.2;8.6;2.6;190.4
"2012";"juni";2.1;10.1;13.7;5.4;18.0;51.1;74.4;6.1;2.5;10.5;3.1;197.0
"2012";"juli";1.4;8.8;7.1;3.6;11.0;53.5;87.6;10.3;2.3;8.5;3.3;197.2
"2012";"augusti";1.2;8.9;11.1;4.2;14.4;54.5;68.2;6.5;2.3;9.7;2.8;183.9
"2012";"september";1.9;8.7;10.8;5.2;15.2;47.4;63.8;4.1;2.2;8.9;2.8;171.0
"2012";"oktober";3.3;9.4;14.1;5.6;17.9;53.1;66.5;2.8;2.3;9.6;2.7;187.5
"2012";"november";4.1;9.3;11.6;5.8;14.6;52.9;66.2;2.6;3.0;9.1;2.6;181.8
"2012";"december";5.3;10.9;13.3;9.5;17.9;61.0;56.9;2.8;11.5;13.5;4.0;206.7
"2013";"januari";2.3;7.2;10.4;7.5;8.3;42.6;58.4;1.9;4.0;7.8;2.1;152.5
"2013";"februari";1.6;7.2;11.2;6.7;10.0;39.7;59.8;2.1;2.1;9.2;2.2;151.8
"2013";"mars";1.5;9.2;13.6;7.8;14.0;46.5;66.4;2.5;2.3;8.9;2.7;175.4
"2013";"april";1.3;11.0;14.5;6.3;13.4;48.1;98.4;2.9;2.3;10.1;2.4;210.7
"2013";"maj";1.5;8.0;16.1;4.5;13.9;49.7;75.2;4.8;2.3;8.8;3.1;188.0
"2013";"juni";2.1;9.2;14.2;5.3;16.5;48.8;76.4;6.1;2.5;11.1;2.9;195.1
"2013";"juli";1.5;8.9;10.8;4.4;10.2;51.5;97.3;10.9;2.2;9.3;3.3;210.0
"2013";"augusti";1.2;8.0;11.9;4.7;12.5;46.1;75.1;6.8;2.0;10.1;2.8;181.1
"2013";"september";2.1;8.3;15.5;5.1;11.5;48.5;67.4;4.1;2.2;9.2;2.8;176.7
"2013";"oktober";3.9;8.6;13.9;6.1;14.2;49.7;69.3;3.1;2.3;10.8;2.9;184.7
"2013";"november";4.8;9.3;13.1;5.8;13.1;48.2;67.7;2.6;2.0;8.7;2.6;178.0
"2013";"december";6.4;11.7;10.5;8.8;17.6;58.3;60.8;3.1;6.1;12.6;3.1;199.0
"2014";"januari";3.7;9.3;12.5;8.1;7.9;44.0;56.2;1.9;6.2;9.0;2.0;160.7
"2014";"februari";2.4;10.5;11.5;8.3;9.0;38.3;61.2;1.9;2.1;9.4;2.3;156.9
"2014";"mars";1.9;11.5;14.7;8.0;11.5;43.1;62.9;2.4;2.4;8.6;2.9;170.0
"2014";"april";1.9;14.0;11.9;6.4;10.5;48.3;67.1;2.8;2.4;9.8;2.8;177.8
"2014";"maj";1.7;10.1;12.7;5.4;11.6;48.2;79.4;4.8;2.6;8.9;3.4;188.8
"2014";"juni";2.1;12.3;14.8;6.9;13.6;49.0;80.5;5.9;5.3;10.3;3.8;204.4
"2014";"juli";1.6;12.2;9.8;4.7;10.3;53.3;93.3;11.3;3.9;8.6;3.2;212.3
"2014";"augusti";1.7;11.1;10.7;5.5;12.3;46.6;74.7;6.8;2.2;9.6;2.8;184.0
"2014";"september";2.1;12.5;13.5;5.8;15.6;47.5;70.8;4.1;3.7;9.1;3.1;187.9
"2014";"oktober";4.0;18.3;14.5;6.7;16.0;52.2;69.4;2.9;4.8;10.5;2.8;202.2
"2014";"november";4.9;13.1;12.5;7.1;15.9;46.2;70.9;2.6;2.7;8.7;3.1;187.6
"2014";"december";7.6;14.9;13.0;12.0;20.0;59.9;62.0;2.7;3.0;14.0;3.2;212.3
"2015";"januari";3.6;9.0;9.6;7.8;8.9;38.1;55.0;1.9;3.7;8.3;2.0;147.9
"2015";"februari";3.0;10.5;12.7;7.7;10.5;35.3;60.0;1.9;2.5;9.3;2.2;155.6
"2015";"mars";3.7;12.2;13.7;8.0;13.6;45.0;64.9;2.7;3.1;10.5;2.7;180.1
"2015";"april";2.0;12.1;12.8;6.9;12.8;43.9;64.4;3.2;2.2;10.9;2.5;173.9
"2015";"maj";2.2;9.9;13.8;5.4;14.6;44.1;76.9;5.0;3.9;9.5;3.2;188.4
"2015";"juni";2.1;12.4;14.8;6.7;18.8;49.5;86.4;7.1;4.9;10.9;3.4;217.2
"2015";"juli";1.6;11.8;14.7;4.7;11.6;51.7;99.3;12.4;5.2;9.2;3.3;225.5
"2015";"augusti";1.9;11.1;13.1;4.6;15.0;44.2;80.4;8.2;1.9;9.6;2.5;192.3
"2015";"september";2.7;11.9;15.5;5.7;18.7;44.3;73.6;4.6;2.6;10.2;3.0;192.8
"2015";"oktober";4.1;18.0;13.9;7.1;18.1;45.3;69.4;3.1;2.6;11.0;2.9;195.4
"2015";"november";5.5;13.9;14.6;6.5;17.4;45.9;68.3;3.0;2.2;10.1;2.6;189.8
"2015";"december";7.2;15.6;12.0;10.3;20.8;55.2;61.7;3.4;7.3;14.7;2.9;211.1
"2016";"januari";3.7;9.0;11.4;8.4;9.1;36.9;55.1;2.3;3.8;8.3;2.2;150.2
"2016";"februari";3.0;10.4;13.7;8.4;11.9;38.3;60.8;2.2;2.2;9.7;2.6;163.2
"2016";"mars";2.8;11.9;15.5;8.4;14.2;43.6;68.1;3.3;2.7;10.0;3.7;184.3
"2016";"april";2.1;12.3;13.4;7.1;12.7;45.1;67.6;3.4;1.9;10.6;2.6;178.8
"2016";"maj";2.5;10.4;15.4;5.1;14.5;45.6;69.5;5.5;2.0;8.9;3.3;182.8
"2016";"juni";2.5;12.8;14.8;7.1;16.1;49.2;81.0;7.0;4.7;11.4;3.6;210.2
"2016";"juli";1.9;10.6;9.1;4.8;11.7;49.5;90.8;13.4;3.3;9.8;3.8;208.6
"2016";"augusti";2.3;12.4;12.3;5.7;11.0;48.9;75.0;8.3;1.9;10.0;3.3;190.9
"2016";"september";3.9;12.4;13.3;5.7;15.5;44.9;66.2;4.9;2.6;10.4;4.0;183.8
"2016";"oktober";6.2;16.0;13.2;7.1;14.2;45.1;66.4;3.4;1.9;11.0;2.8;187.5
"2016";"november";7.4;15.0;14.7;7.4;13.8;50.6;63.2;3.0;2.3;9.2;2.9;189.4
"2016";"december";8.3;15.4;14.4;10.5;19.9;55.3;55.2;3.5;7.2;16.6;2.9;209.0
"2017";"januari";4.2;8.4;13.4;7.9;9.4;39.6;50.0;2.3;3.0;10.9;2.1;151.3
"2017";"februari";3.0;10.6;13.8;7.6;10.8;37.9;59.8;2.2;2.7;10.0;2.3;160.8
"2017";"mars";2.6;12.0;15.4;7.9;13.8;45.1;62.6;2.9;2.9;10.7;2.8;178.7
"2017";"april";2.1;13.2;14.5;6.8;11.9;44.9;62.9;3.2;2.1;11.4;2.8;175.9
"2017";"maj";2.3;10.3;16.0;5.6;15.4;48.5;77.7;5.3;2.9;11.0;3.2;198.3
"2017";"juni";3.0;13.2;15.9;6.5;17.7;47.5;79.5;7.2;3.4;12.9;3.0;209.8
"2017";"juli";2.7;11.7;11.6;4.3;10.5;49.0;92.2;13.3;3.0;11.6;3.3;213.2
"2017";"augusti";2.9;12.2;15.2;5.4;13.2;46.7;74.6;8.5;3.5;11.2;2.9;196.1
"2017";"september";3.6;13.8;12.7;5.4;14.1;44.3;64.9;5.0;3.0;10.0;2.8;179.5
"2017";"oktober";7.4;17.5;15.0;6.8;16.2;47.7;66.8;3.4;2.5;12.6;2.7;198.7
"2017";"november";8.4;16.2;15.6;6.8;16.6;45.1;66.9;3.0;2.3;10.4;2.7;194.0
"2017";"december";7.9;14.1;13.7;9.5;17.8;47.8;59.5;3.3;6.6;14.1;3.5;197.7
"2018";"januari";8.0;9.7;14.5;7.1;10.1;38.6;61.3;2.3;2.3;9.6;2.5;166.0
"2018";"februari";5.0;10.6;12.8;8.2;11.1;33.8;55.8;2.2;4.5;10.1;2.4;156.6
"2018";"mars";2.6;12.1;15.9;9.0;11.8;40.5;60.1;2.8;3.6;9.9;2.9;171.1
"2018";"april";2.1;12.6;16.6;6.8;11.3;41.1;60.5;3.6;3.1;11.6;2.6;171.9
"2018";"maj";3.3;10.8;14.9;4.4;15.6;48.8;74.9;5.3;2.4;9.7;3.2;193.4
"2018";"juni";2.4;12.7;15.3;5.9;14.7;44.7;80.4;6.9;4.6;11.9;3.4;203.0
"2018";"juli";1.9;11.7;9.6;5.2;10.5;46.4;87.7;13.1;2.7;10.5;3.8;203.0
"2018";"augusti";2.4;13.0;11.6;5.4;13.1;44.1;77.1;8.2;3.2;10.5;3.0;191.6
"2018";"september";3.3;12.3;16.3;5.6;15.0;40.3;66.0;5.0;3.0;9.8;3.0;179.7
"2018";"oktober";5.9;18.5;12.9;6.8;16.5;44.6;66.2;3.6;2.7;11.9;3.6;193.2
"2018";"november";7.3;17.4;14.4;6.6;16.0;44.4;69.0;3.0;2.5;9.6;3.1;193.3
"2018";"december";8.0;15.3;13.0;10.5;22.3;48.1;63.2;3.4;7.2;13.9;3.6;208.6
"2019";"januari";5.8;10.5;14.2;8.0;9.7;36.8;49.3;2.7;2.6;8.3;2.8;150.7
"2019";"februari";4.7;11.1;13.4;8.5;12.0;31.4;55.8;2.4;3.5;9.6;2.9;155.2
"2019";"mars";3.0;12.7;15.2;8.8;15.1;37.9;61.7;3.0;3.7;9.6;2.9;173.6
"2019";"april";4.1;14.4;15.5;6.4;14.4;41.3;63.3;3.6;2.3;11.8;3.5;180.5
"2019";"maj";3.5;12.3;16.4;5.2;14.1;46.1;74.3;5.5;2.6;10.0;4.0;194.1
"2019";"juni";3.1;13.6;13.8;6.0;15.7;42.5;78.6;7.5;4.9;11.4;3.5;200.6
"2019";"juli";2.7;13.5;13.8;4.5;13.0;44.8;90.8;13.5;3.7;11.0;4.5;215.8
"2019";"augusti";2.7;13.5;13.7;5.5;13.9;39.8;75.9;8.2;3.6;10.1;4.1;190.8
"2019";"september";3.7;13.9;14.8;5.8;16.7;38.8;64.3;5.1;3.3;10.1;5.0;181.5
"2019";"oktober";6.1;19.6;15.1;7.0;15.8;42.1;68.3;3.4;2.6;12.9;4.3;197.3
"2019";"november";7.6;17.1;15.7;7.0;14.7;39.9;62.3;3.2;2.6;10.7;4.5;185.4
"2019";"december";9.0;16.4;11.7;10.2;18.4;45.1;58.8;4.0;10.4;15.0;5.3;204.3
"2020";"januari";5.0;10.9;12.8;6.9;9.0;34.8;49.1;2.8;3.9;10.1;3.8;149.0
"2020";"februari";3.7;12.1;11.9;7.6;11.0;32.3;55.8;2.4;5.4;9.7;3.5;155.4
"2020";"mars";2.8;12.7;16.0;8.0;12.7;34.5;34.6;1.9;3.5;10.1;4.0;140.7
"2020";"april";3.1;15.0;12.9;6.6;12.8;36.0;20.4;1.1;3.0;10.3;3.5;124.6
"2020";"maj";2.8;9.9;13.6;5.0;13.7;36.0;21.8;1.3;3.7;9.1;3.0;120.0
"2020";"juni";2.4;15.0;15.1;5.9;15.2;41.4;28.5;3.8;4.5;11.4;3.7;147.0
"2020";"juli";2.3;14.0;11.7;4.5;10.0;39.3;43.4;9.3;3.7;9.3;4.2;151.8
"2020";"augusti";3.4;13.0;10.3;5.3;11.9;35.7;28.8;5.6;2.8;10.3;3.7;130.7
"2020";"september";3.4;17.1;12.3;5.6;17.0;37.8;35.2;3.4;3.4;10.7;3.6;149.5
"2020";"oktober";5.1;18.7;13.4;6.4;14.9;39.5;35.5;3.0;4.0;11.5;4.1;156.2
"2020";"november";6.3;17.2;13.2;6.3;17.8;39.4;28.1;3.3;4.5;10.3;3.7;150.2
"2020";"december";8.5;19.0;13.5;10.0;22.6;46.2;29.3;2.6;11.4;16.1;4.6;183.7
"2021";"januari";4.2;10.8;11.1;8.0;7.5;28.1;25.6;1.7;5.5;8.8;3.6;115.1
"2021";"februari";3.9;12.5;12.9;10.0;10.5;30.7;26.0;1.7;3.0;10.7;3.6;125.4
"2021";"mars";3.4;15.0;16.6;8.9;14.3;38.0;29.1;1.4;4.3;10.9;4.0;145.9
"2021";"april";3.1;14.9;13.9;7.4;14.6;37.3;27.2;2.0;3.9;11.2;3.9;139.5
"2021";"maj";3.2;12.6;15.6;6.2;16.8;42.3;37.3;3.5;4.2;10.5;4.6;156.7
"2021";"juni";3.0;15.9;14.5;7.0;17.4;44.5;54.6;6.5;7.2;13.1;4.5;188.3
"2021";"juli";2.1;15.4;11.4;5.4;11.3;45.7;64.0;15.2;4.2;10.8;5.1;190.7
"2021";"augusti";3.2;13.8;12.5;6.9;14.8;40.6;51.5;8.5;4.6;10.8;5.0;172.4
"2021";"september";3.8;18.1;15.8;8.1;18.0;39.2;50.4;5.5;4.1;11.8;5.1;179.9
"2021";"oktober";5.8;18.8;14.5;8.3;18.3;42.3;55.7;4.6;4.4;11.2;5.8;189.7
"2021";"november";7.5;18.3;16.6;8.2;17.7;46.4;56.5;4.0;6.2;10.2;5.0;196.6
"2021";"december";8.8;19.3;18.9;19.5;23.8;47.1;44.6;3.6;15.5;17.6;5.5;224.2
"2022*";"januari";5.1;11.5;12.2;10.8;10.2;31.6;29.8;1.5;5.8;9.8;4.8;133.1
"2022*";"februari";4.3;12.9;14.5;10.6;12.0;33.6;39.5;2.0;4.2;10.8;4.5;149.0
"2022*";"mars";3.0;14.9;14.8;11.6;15.6;40.9;58.8;3.2;4.8;12.5;5.4;185.5
"2022*";"april";2.7;15.2;14.6;10.2;16.2;40.9;69.0;3.9;5.5;11.2;5.1;194.4
"2022*";"maj";3.0;13.4;16.7;10.2;22.4;48.8;77.0;6.0;4.5;12.2;4.8;219.0
"2022*";"juni";3.8;17.0;19.0;9.1;18.3;50.2;83.6;9.3;7.1;14.5;5.1;236.9
"2022*";"juli";2.7;15.2;13.6;6.9;10.9;47.3;96.1;16.0;5.2;11.9;4.9;230.6
"2022*";"augusti";4.0;15.8;17.0;11.1;15.3;46.9;78.2;9.7;3.9;11.9;4.4;218.1
"2022*";"september";5.3;19.8;16.5;12.5;15.2;45.6;69.0;5.8;4.1;13.6;4.4;211.8
"2022*";"oktober";8.5;19.0;18.6;11.2;17.3;43.6;69.5;4.2;5.2;11.9;4.7;213.7
"2022*";"november";9.9;19.8;18.1;13.4;17.2;51.1;67.4;3.6;4.2;12.4;4.8;221.8
"2022*";"december";13.5;19.0;18.6;28.1;23.0;54.1;59.4;4.1;11.3;18.2;5.5;254.8
"2023*";"januari";8.1;13.9;16.4;15.8;10.3;34.8;49.6;2.7;5.2;11.7;4.6;173.0
"2023*";"februari";4.3;17.2;15.1;15.2;12.4;34.5;55.0;2.7;4.6;11.6;3.7;176.4
"2023*";"mars";2.5;22.1;18.7;13.5;15.3;42.4;64.6;3.4;4.9;14.2;4.0;205.8
"2023*";"april";3.9;27.6;14.5;10.0;14.2;40.9;67.1;3.8;4.8;12.6;3.8;203.2
"2023*";"maj";3.5;27.8;18.8;8.3;17.6;49.1;79.4;5.6;5.3;14.1;3.7;233.3
"2023*";"juni";3.6;29.3;17.3;6.8;19.5;47.5;87.1;9.2;7.1;15.0;4.5;246.9
"2023*";"juli";2.4;26.4;14.2;5.7;12.2;45.3;91.0;15.6;4.8;12.5;4.2;234.2
"2023*";"augusti";3.1;25.1;16.1;6.5;12.5;42.6;75.1;8.4;4.5;12.3;3.9;210.2
"2023*";"september";..;..;..;..;..;..;..;..;..;..;..;..
"2023*";"oktober";..;..;..;..;..;..;..;..;..;..;..;..
"2023*";"november";..;..;..;..;..;..;..;..;..;..;..;..
"2023*";"december";..;..;..;..;..;..;..;..;..;..;..;..
